time/time_elapsed,time/fps,time/total_timesteps,rollout/ep_rew_mean,rollout/ep_len_mean,time/iterations,train/n_updates,train/entropy_loss,train/std,train/explained_variance,train/policy_gradient_loss,train/loss,train/clip_fraction,train/approx_kl,train/learning_rate,train/value_loss,train/clip_range,eval/mean_reward,eval/mean_ep_length
32,633,20480,3.18613072,157.81,1,,,,,,,,,,,,,
97,420,40960,3.2658471500000004,158.58,2,5,-4.251811261177063,0.9976312518119812,-0.847702145576477,-0.3448103814572096,-0.33066248893737793,0.0803125,5.369432e-05,0.0001,0.007630348411621526,0.015,,
,,50000,,,,10,-4.2462021613121035,0.9955094456672668,0.45439600944519043,-0.26227675929665567,-0.24655771255493164,0.05080078125,4.1706247e-05,0.0001,0.010843695328803733,0.015,3.3081721250000005,163.75
169,363,61440,3.19688539,157.67,3,,,,,,,,,,,,,
245,333,81920,3.2407858200000006,162.07,4,15,-4.240779632329941,0.9938586354255676,0.6416481733322144,-0.18948856737464667,-0.17004922032356262,0.04876953125,3.9913582e-05,0.0001,0.011818047054111958,0.015,,
,,100000,,,,20,-4.235052525997162,0.9920516014099121,0.7662941813468933,-0.13470545537769796,-0.09375838935375214,0.056328125,4.0696494e-05,0.0001,0.012316956695867702,0.015,2.9666166250000003,146.625
313,326,102400,3.0603363999999993,151.4,5,,,,,,,,,,,,,
377,325,122880,2.9154687600000004,150.03,6,25,-4.232428239583969,0.9916583895683289,0.8179258108139038,-0.10235558304935694,-0.0972171202301979,0.0455859375,2.7040409e-05,0.0001,0.014350240060593933,0.015,,
441,325,143360,3.9673256899999996,196.33,7,30,-4.2314188456535335,0.9912848472595215,0.8519304990768433,-0.06100006511434913,-0.049535758793354034,0.058291015625,3.4711516e-05,0.0001,0.014901702557690442,0.015,,
,,150000,,,,35,-4.229594123363495,0.9908824563026428,0.8542078137397766,-0.04770802984945476,-0.014386646449565887,0.05646484375,3.431421e-05,0.0001,0.017142089707776906,0.015,2.766123125,155.0
507,322,163840,3.25403031,163.9,8,,,,,,,,,,,,,
571,322,184320,3.04698101,152.73,9,40,-4.228505455255508,0.9903709292411804,0.8684655427932739,-0.04332192860543728,-0.02073911391198635,0.05654296875,2.9857718e-05,0.0001,0.015523123580496758,0.015,,
,,200000,,,,45,-4.2269949531555175,0.9899885654449463,0.9062012434005737,-0.021330249527236448,0.017629345878958702,0.048720703125,3.135546e-05,0.0001,0.01432670392561704,0.015,4.09355925,202.5
651,314,204800,3.2304656300000003,163.22,10,,,,,,,,,,,,,
713,315,225280,3.05943012,154.58,11,50,-4.227027704715729,0.9899532198905945,0.9065661430358887,-0.018118606728094164,0.0020069312304258347,0.056748046875,3.6407997e-05,0.0001,0.014810169506818056,0.015,,
774,317,245760,3.2006481899999994,160.53,12,55,-4.226756625175476,0.990002453327179,0.894015908241272,-0.020000667062413414,-0.0021042004227638245,0.072021484375,3.8258593e-05,0.0001,0.016797337089665233,0.015,,
,,250000,,,,60,-4.228150602579117,0.9903244972229004,0.9049715995788574,-0.01921764219470788,-0.012754864990711212,0.07412109375,4.1168772e-05,0.0001,0.01462397560942918,0.015,3.609425,170.0
845,314,266240,3.1566326900000004,159.1,13,,,,,,,,,,,,,
909,315,286720,3.2384539099999996,161.72,14,65,-4.227838883399963,0.9903461337089539,0.9122776389122009,-0.0135444885873585,0.01204154547303915,0.0628125,3.603785e-05,0.0001,0.014028918494004757,0.015,,
,,300000,,,,70,-4.227855943441391,0.9902309775352478,0.9179624319076538,-0.018425083964830266,-0.015851914882659912,0.079833984375,4.0195366e-05,0.0001,0.012600425404962153,0.015,2.790066875,154.125
975,314,307200,2.9762971699999996,151.45,15,,,,,,,,,,,,,
1036,316,327680,4.0157278199999995,202.79,16,75,-4.229034967422486,0.990861713886261,0.9272180795669556,-0.008691204810893395,-0.0017872508615255356,0.084462890625,4.5049404e-05,0.0001,0.012272420759545639,0.015,,
1096,317,348160,3.1149155399999997,156.42,17,80,-4.230449393987656,0.9912235140800476,0.9212074875831604,-0.013887924103546539,-0.0021711736917495728,0.08169921875,4.387798e-05,0.0001,0.012710243158508092,0.015,,
,,350000,,,,85,-4.22963210105896,0.9909799695014954,0.9184373617172241,-0.017049996027199085,0.008823264390230179,0.09162109375,4.7848218e-05,0.0001,0.0138366414536722,0.015,2.947989375,159.25
1159,317,368640,3.94100448,198.75,18,,,,,,,,,,,,,
1219,319,389120,3.84769942,197.51,19,90,-4.2300335931777955,0.9913062453269958,0.9162166118621826,-0.02134862860402791,0.0006208065897226334,0.098291015625,4.700344e-05,0.0001,0.012853940925560891,0.015,,
,,400000,,,,95,-4.230333423614502,0.9911722540855408,0.923933207988739,-0.01814413167972816,0.0035862093791365623,0.089765625,4.470806e-05,0.0001,0.012186579105909914,0.015,3.3879772499999996,158.375
1284,319,409600,3.7848480799999993,191.99,20,,,,,,,,,,,,,
1344,319,430080,3.3435882000000006,163.9,21,100,-4.231474567651748,0.9917630553245544,0.9077891111373901,-0.012218974999123021,0.0030202455818653107,0.093046875,4.8516136e-05,0.0001,0.015986692659789695,0.015,,
,,450000,,,,105,-4.230443251132965,0.991186797618866,0.9226155281066895,-0.01710097243383643,-0.002757316455245018,0.09564453125,4.8922666e-05,0.0001,0.0131130781408865,0.015,2.660752375,139.25
1410,319,450560,3.846361419999999,198.28,22,,,,,,,,,,,,,
1472,319,471040,3.07879194,152.47,23,110,-4.2312449669837955,0.9917328357696533,0.9198639988899231,-0.0003899194697441999,0.0034236107021570206,0.10107421875,5.5149383e-05,0.0001,0.01529514157678932,0.015,,
1532,320,491520,3.3605517000000003,171.87,24,115,-4.232493535280228,0.9917392730712891,0.9231491088867188,6.550543344928884e-05,0.02344953455030918,0.099443359375,5.218418e-05,0.0001,0.012480176205281168,0.015,,
,,500000,,,,120,-4.233061679601669,0.9923078417778015,0.916448175907135,-0.009822149925894337,0.007253389805555344,0.11974609375,5.824993e-05,0.0001,0.015818419212009757,0.015,3.1743488749999997,153.75
1596,320,512000,3.4678011800000004,175.41,25,,,,,,,,,,,,,
1657,321,532480,3.94489375,196.17,26,125,-4.234134870767593,0.992518424987793,0.9305729866027832,-0.005344106441698387,0.005819989368319511,0.096708984375,4.8996626e-05,0.0001,0.013583075057249516,0.015,,
,,550000,,,,130,-4.235835635662079,0.9931855201721191,0.9265795946121216,-0.002511809006391559,0.03827254846692085,0.10994140625,5.5990542e-05,0.0001,0.012212580678751693,0.015,3.38515225,154.75
1736,318,552960,3.1464863399999996,154.98,27,,,,,,,,,,,,,
1805,317,573440,3.06266692,154.8,28,135,-4.237021151781082,0.9932613968849182,0.9209050536155701,-0.004565368182957172,0.020688636228442192,0.098017578125,5.0895498e-05,0.0001,0.01205821914365515,0.015,,
1872,317,593920,3.28115822,164.04,29,140,-4.236949867010116,0.9934203624725342,0.9238539934158325,-0.001402129027264891,0.00970161147415638,0.117666015625,6.44789e-05,0.0001,0.012266543194418772,0.015,,
,,600000,,,,145,-4.2388588809967045,0.9941336512565613,0.9146283864974976,-0.0050874616773216984,0.005200233310461044,0.1077734375,5.469115e-05,0.0001,0.013153093250002712,0.015,3.2254622499999996,169.625
1944,316,614400,3.162575,156.91,30,,,,,,,,,,,,,
2011,315,634880,3.0309709400000004,153.98,31,150,-4.240283380746842,0.9945545196533203,0.9186787605285645,-0.0015215157860075123,0.011627976782619953,0.115,5.714513e-05,0.0001,0.012137028931174427,0.015,,
,,650000,,,,155,-4.241540151834488,0.9948363900184631,0.9136713743209839,0.00292097750796529,0.017403636127710342,0.11740234375,5.832116e-05,0.0001,0.013213338386267424,0.015,3.275851375,163.5
2079,315,655360,3.0616998199999994,151.26,32,,,,,,,,,,,,,
2142,315,675840,3.87490663,194.09,33,160,-4.241216853857041,0.9947664141654968,0.9339740872383118,-0.013847212199616479,0.0173273254185915,0.11212890625,5.6309404e-05,0.0001,0.009814721619477496,0.015,,
2207,315,696320,3.1050389199999997,156.11,34,165,-4.24035325050354,0.9945254325866699,0.926932692527771,-0.022779654793557712,0.019185107201337814,0.1266796875,6.019358e-05,0.0001,0.012154826734913513,0.015,,
,,700000,,,,170,-4.240854828357697,0.9944372177124023,0.9134824275970459,-0.015622593881853391,-0.017157267779111862,0.109453125,5.347248e-05,0.0001,0.010738481767475605,0.015,2.8253193750000003,135.25
2275,315,716800,3.0557797700000005,156.39,35,,,,,,,,,,,,,
2338,315,737280,3.1999705900000004,163.96,36,175,-4.240265725851059,0.9944168925285339,0.9192980527877808,-0.013288321924337652,0.001838870346546173,0.11158203125,5.7566747e-05,0.0001,0.011690169253852219,0.015,,
,,750000,,,,180,-4.241101449728012,0.9949319958686829,0.9209028482437134,-0.005787962996982969,0.012655515223741531,0.123671875,5.860199e-05,0.0001,0.012057077661156655,0.015,4.402218875,225.875
2415,313,757760,3.2220133399999997,158.36,37,,,,,,,,,,,,,
2479,313,778240,3.4216829800000004,170.38,38,185,-4.242283226251602,0.9951990246772766,0.9376996159553528,-0.004473858428609674,0.017295029014348984,0.113671875,5.2861298e-05,0.0001,0.008883937553036958,0.015,,
2545,313,798720,3.1858014499999996,164.13,39,190,-4.242634392976761,0.9952874779701233,0.9235502481460571,-0.008329399615176954,-0.0025095753371715546,0.149404296875,7.0357804e-05,0.0001,0.012791913914261386,0.015,,
,,800000,,,,195,-4.243856000900268,0.9959502220153809,0.9241602420806885,0.003957797613111325,0.02827155403792858,0.139013671875,6.430219e-05,0.0001,0.01166263502324,0.015,2.9936388750000003,144.375
2615,313,819200,3.14169961,156.41,40,,,,,,,,,,,,,
2680,313,839680,3.04413052,153.33,41,200,-4.243517007827759,0.9956087470054626,0.9185314178466797,-0.009412970548000886,0.02595740556716919,0.123447265625,5.834923e-05,0.0001,0.011168132894672453,0.015,,
,,850000,,,,205,-4.24380509018898,0.9955280423164368,0.9283736944198608,-0.009418787005852209,0.002732994966208935,0.12953125,6.367847e-05,0.0001,0.011076688187895343,0.015,3.134478,152.0
2772,310,860160,3.1052463399999994,157.06,42,,,,,,,,,,,,,
2851,308,880640,3.2670025600000003,162.97,43,210,-4.246284728050232,0.996722936630249,0.9373367428779602,0.003018991468125023,0.020209919661283493,0.143916015625,7.448858e-05,0.0001,0.00971820266568102,0.015,,
,,900000,,,,215,-4.2463750076293945,0.9965559840202332,0.9115157723426819,-0.015135216804919764,0.0011601746082305908,0.13244140625,6.649628e-05,0.0001,0.012230287338607013,0.015,3.166368875,152.75
2919,308,901120,3.0810672900000005,152.33,44,,,,,,,,,,,,,
2984,308,921600,2.93936554,150.61,45,220,-4.246961885690689,0.9966866374015808,0.926219642162323,-0.008216774555476149,-0.007508702576160431,0.13181640625,6.137388e-05,0.0001,0.010318185287760571,0.015,,
3049,308,942080,3.4348901700000005,171.97,46,225,-4.248583314418792,0.9975296854972839,0.9290999174118042,0.00030104392106295564,0.014103147201240063,0.129658203125,6.718225e-05,0.0001,0.010939654877875,0.015,,
,,950000,,,,230,-4.249868190288543,0.997851550579071,0.9253087639808655,-0.006112792241183342,-0.004967262968420982,0.121513671875,6.1157756e-05,0.0001,0.010950950141996145,0.015,4.91856575,225.0
3131,307,962560,3.06503045,153.85,47,,,,,,,,,,,,,
3202,306,983040,3.92002656,195.08,48,235,-4.250634433031082,0.9980946183204651,0.9262814521789551,-0.003099742353660986,0.01409003883600235,0.12458984375,5.974957e-05,0.0001,0.011762435485143214,0.015,,
,,1000000,,,,240,-4.2502996337413785,0.9977249503135681,0.9332706928253174,-0.022563028234289958,-0.006646455265581608,0.18716796875,8.595347e-05,0.0001,0.010041356850415468,0.015,3.701311875,189.625
3283,305,1003520,3.1761917700000004,159.5,49,,,,,,,,,,,,,
3367,304,1024000,3.08484658,152.38,50,245,-4.250144317150116,0.9977617263793945,0.912128746509552,-0.007196747298585251,-0.0031629353761672974,0.168798828125,7.518426e-05,0.0001,0.011143338221590965,0.015,,
3442,303,1044480,3.1698005400000007,161.26,51,250,-4.250780946016311,0.998070240020752,0.9111238121986389,-0.0013961645498056896,0.009343155659735203,0.1385546875,6.387563e-05,0.0001,0.011850519847357646,0.015,,
,,1050000,,,,255,-4.252187241315841,0.9985468983650208,0.9282603859901428,-0.005601609350705985,0.013291703537106514,0.165302734375,7.519351e-05,0.0001,0.011580430687172339,0.015,3.4116420000000005,176.875
3531,301,1064960,3.9934151000000004,196.15,52,,,,,,,,,,,,,
3615,300,1085440,3.1679371300000003,158.94,53,260,-4.252629910707474,0.9984493255615234,0.9299441576004028,-0.007323350650185603,-0.0012407535687088966,0.1319921875,6.216317e-05,0.0001,0.010619399111019447,0.015,,
,,1100000,,,,265,-4.253818256855011,0.9996688961982727,0.9392156004905701,0.004409018059304799,0.012842359952628613,0.2134375,9.529684e-05,0.0001,0.009107306881342083,0.015,3.1486210000000003,148.875
3696,299,1105920,3.23194341,161.7,54,,,,,,,,,,,,,
3772,298,1126400,3.1185553200000005,155.79,55,270,-4.256589179039001,1.00027334690094,0.9289525747299194,0.003929239884892013,0.03443276509642601,0.130224609375,7.023766e-05,0.0001,0.010330387849826365,0.015,,
3854,297,1146880,3.1049918699999997,155.8,56,275,-4.258187886476517,1.0005817413330078,0.9258131384849548,0.0015849665281712077,0.00957263633608818,0.179423828125,8.527911e-05,0.0001,0.011244510542601347,0.015,,
,,1150000,,,,280,-4.260521609783172,1.0014678239822388,0.9385634064674377,0.004568925457570003,0.007692396640777588,0.1387109375,6.80458e-05,0.0001,0.009633086974499747,0.015,3.13144825,165.875
3925,297,1167360,3.1070005000000003,158.0,57,,,,,,,,,,,,,
3989,297,1187840,3.17483727,160.6,58,285,-4.264142431020737,1.0027118921279907,0.9069396257400513,0.015819073622405994,0.01666073128581047,0.2003125,9.4536925e-05,0.0001,0.014968769393162802,0.015,,
,,1200000,,,,290,-4.266420801877976,1.0036228895187378,0.9295914769172668,0.008125180547358469,0.006607376039028168,0.14638671875,7.050106e-05,0.0001,0.010662734159268439,0.015,2.9538807499999997,150.0
4058,297,1208320,3.3286780999999994,164.88,59,,,,,,,,,,,,,
4123,298,1228800,2.9668793499999997,151.85,60,295,-4.267686928510666,1.0035191774368286,0.907922625541687,-0.0016489491726679262,0.0049052052199840546,0.154599609375,6.90403e-05,0.0001,0.013129725161707028,0.015,,
4186,298,1249280,3.1714527099999996,158.77,61,300,-4.269016630649567,1.0042757987976074,0.9153013229370117,0.00961898914683843,0.015568053349852562,0.1504296875,7.4472664e-05,0.0001,0.012244287743233145,0.015,,
,,1250000,,,,305,-4.269769387245178,1.0044140815734863,0.9307513236999512,-0.0008314139634603635,0.008266538381576538,0.143154296875,7.185312e-05,0.0001,0.010532193219987676,0.015,12.747592125,638.25
4309,294,1269760,3.1681923999999997,160.22,62,,,,,,,,,,,,,
4372,295,1290240,3.8278483700000003,195.96,63,310,-4.270631754398346,1.004691243171692,0.9440358281135559,-0.0017893934879248264,0.004302097484469414,0.147041015625,6.766537e-05,0.0001,0.009257363681681454,0.015,,
,,1300000,,,,315,-4.271189064979553,1.0047430992126465,0.9322136640548706,2.16697140422184e-05,0.006926092319190502,0.149912109375,7.1975366e-05,0.0001,0.010950264813145623,0.015,3.214612,169.5
4442,295,1310720,2.88592087,147.81,64,,,,,,,,,,,,,
4504,295,1331200,4.0102437,199.94,65,320,-4.272530864477158,1.0052943229675293,0.9372003674507141,0.0002732665531220846,0.02853512577712536,0.1453515625,6.814206e-05,0.0001,0.009706676623318344,0.015,,
,,1350000,,,,325,-4.272171614170074,1.005341649055481,0.9459125995635986,-0.01931445998576237,-0.0085049569606781,0.189599609375,8.8367364e-05,0.0001,0.00936461893550586,0.015,4.666958,216.0
4573,295,1351680,3.939730370000001,196.22,66,,,,,,,,,,,,,
4638,295,1372160,3.1635805500000003,159.16,67,330,-4.2750238919258114,1.0062211751937866,0.9356669783592224,-0.0032467731187352912,0.016611268743872643,0.192529296875,8.368674e-05,0.0001,0.009697013476397842,0.015,,
4704,296,1392640,3.0619565300000007,152.01,68,335,-4.278237588405609,1.0072001218795776,0.9324201345443726,0.00804612714680843,0.010887415148317814,0.162587890625,7.5832264e-05,0.0001,0.009081493698759005,0.015,,
,,1400000,,,,340,-4.281790784597397,1.008823275566101,0.9366111755371094,0.013991681799234356,0.02340961992740631,0.1416796875,7.0153714e-05,0.0001,0.010342619146686048,0.015,3.3058983750000004,155.25
4791,294,1413120,3.05686825,152.75,69,,,,,,,,,,,,,
4881,293,1433600,3.08757841,154.48,70,345,-4.286101597547531,1.010307788848877,0.9308250546455383,0.00532338443066692,0.005791637115180492,0.167236328125,8.028785e-05,0.0001,0.010288415491813793,0.015,,
,,1450000,,,,350,-4.2881700229644775,1.010587215423584,0.9245278835296631,-0.0017365097705624066,0.013860504142940044,0.19791015625,8.9025736e-05,0.0001,0.010411531021818519,0.015,3.042026125,152.625
4965,292,1454080,3.0876205100000003,158.1,71,,,,,,,,,,,,,
5032,293,1474560,3.15688585,158.57,72,355,-4.290565708875656,1.0116292238235474,0.9289649128913879,0.005923323500464903,0.028254684060811996,0.159853515625,7.498196e-05,0.0001,0.010259235363919287,0.015,,
5106,292,1495040,3.2007929,158.29,73,360,-4.293424367904663,1.0123200416564941,0.9316341876983643,0.0002557749584229896,0.02206709235906601,0.189521484375,9.124597e-05,0.0001,0.00891784933512099,0.015,,
,,1500000,,,,365,-4.2932898914813995,1.0122073888778687,0.9360438585281372,-0.00377829752425896,0.004210794344544411,0.16296875,7.832261e-05,0.0001,0.008957427983405068,0.015,2.9122651250000002,137.5
5191,291,1515520,3.1770682500000005,155.33,74,,,,,,,,,,,,,
5273,291,1536000,3.22221019,156.49,75,370,-4.291864675283432,1.0116060972213745,0.9267184734344482,-0.009576995089300908,0.0011387523263692856,0.182900390625,8.743821e-05,0.0001,0.00962139415438287,0.015,,
,,1550000,,,,375,-4.291735931634903,1.0117582082748413,0.9315858483314514,-0.0033986680948873984,0.006696018856018782,0.154697265625,7.802283e-05,0.0001,0.008818970465799793,0.015,3.62831375,183.625
5370,289,1556480,3.0554905999999993,155.85,76,,,,,,,,,,,,,
5447,289,1576960,3.18985937,155.12,77,380,-4.293569798469544,1.0123480558395386,0.9249197244644165,-0.004319045983720571,0.006766040809452534,0.164931640625,7.891153e-05,0.0001,0.009808000111952424,0.015,,
5521,289,1597440,3.100785450000001,151.57,78,385,-4.293930325508118,1.012609601020813,0.9360200762748718,-0.005446921586844837,-0.000554901547729969,0.1509375,7.441726e-05,0.0001,0.008202805515611544,0.015,,
,,1600000,,,,390,-4.295771064758301,1.0129483938217163,0.9399052858352661,-0.0034196759073529394,0.008088652044534683,0.150390625,6.9895e-05,0.0001,0.008708361331373453,0.015,3.5559512500000006,157.875
5608,288,1617920,3.0973222600000003,157.54,79,,,,,,,,,,,,,
5672,288,1638400,3.1037173600000005,152.29,80,395,-4.29711098074913,1.0137075185775757,0.9286566376686096,0.0036340611774357966,0.005108454264700413,0.170185546875,8.1341444e-05,0.0001,0.009336786007042974,0.015,,
,,1650000,,,,400,-4.300050517320633,1.0146023035049438,0.9371039867401123,-0.007396131990099093,0.0003464818000793457,0.160263671875,7.752841e-05,0.0001,0.008446494744857773,0.015,3.027965625,138.875
5753,288,1658880,3.43940638,170.53,81,,,,,,,,,,,,,
5865,286,1679360,3.04670911,155.19,82,405,-4.300636638402938,1.0146198272705078,0.9302262663841248,-0.02007523495616624,-0.017496071755886078,0.206923828125,9.153081e-05,0.0001,0.009330449609551579,0.015,,
5956,285,1699840,3.159974,153.91,83,410,-4.302135208845138,1.015434741973877,0.9317504167556763,-0.0024285146850161255,0.0051242895424366,0.190849609375,8.8448745e-05,0.0001,0.0075632167013827715,0.015,,
,,1700000,,,,415,-4.301428111791611,1.0147873163223267,0.9192816615104675,-0.027020950186997652,-0.0036874841898679733,0.174794921875,8.4037834e-05,0.0001,0.007792188933235593,0.015,3.23967925,170.25
6028,285,1720320,3.85089379,193.78,84,,,,,,,,,,,,,
6094,285,1740800,3.2443906,160.19,85,420,-4.301290326118469,1.0151029825210571,0.930773138999939,-0.019706349559128283,-0.014376714825630188,0.155302734375,7.163446e-05,0.0001,0.007325717050698586,0.015,,
,,1750000,,,,425,-4.302222130298614,1.0152403116226196,0.9380174279212952,-0.01097536731220316,0.0013672113418579102,0.16255859375,7.880673e-05,0.0001,0.008617214560508728,0.015,3.001378125,146.0
6162,285,1761280,3.149910789999999,155.13,86,,,,,,,,,,,,,
6233,285,1781760,3.0794771100000005,156.79,87,430,-4.3043388950824735,1.0160213708877563,0.9488711953163147,-0.0029224035487277434,0.010678695514798164,0.149287109375,7.5063974e-05,0.0001,0.007448297163937241,0.015,,
,,1800000,,,,435,-4.308263214826584,1.0176115036010742,0.943555474281311,0.009782180747497477,0.015855640172958374,0.1885546875,9.160333e-05,0.0001,0.00834657201077789,0.015,3.167476,162.5
6306,285,1802240,3.1213472000000007,153.59,88,,,,,,,,,,,,,
6380,285,1822720,3.2188702399999998,154.43,89,440,-4.31002389550209,1.018149971961975,0.9215362668037415,-0.0007739339990075677,0.016228750348091125,0.171337890625,8.328329e-05,0.0001,0.01014540825621225,0.015,,
6456,285,1843200,3.34769072,163.06,90,445,-4.311095870733261,1.0183149576187134,0.9248001575469971,-0.008562818057034747,-0.003926499746739864,0.192109375,8.774787e-05,0.0001,0.00845359624014236,0.015,,
,,1850000,,,,450,-4.311991665363312,1.0188087224960327,0.9400941133499146,-0.010401203436340439,0.009858636185526848,0.17005859375,8.491394e-05,0.0001,0.007823583251447417,0.015,2.94191825,147.25
6525,285,1863680,3.7655014600000003,191.53,91,,,,,,,,,,,,,
6591,285,1884160,3.3141963,163.78,92,455,-4.313372908830643,1.0189763307571411,0.9335164427757263,0.0035710039932018846,-0.002590940333902836,0.208740234375,9.637787e-05,0.0001,0.008641895758919417,0.015,,
,,1900000,,,,460,-4.314861142635346,1.0196223258972168,0.9276469349861145,-0.0025386248735594563,0.00349271297454834,0.185830078125,9.06928e-05,0.0001,0.008689142962102778,0.015,2.830781875,140.125
6683,284,1904640,3.2633443800000004,165.68,93,,,,,,,,,,,,,
6758,284,1925120,3.6275644799999998,186.4,94,465,-4.316163817644119,1.0199990272521973,0.9437216520309448,-0.003573851650580764,0.008933531120419502,0.188974609375,9.195382e-05,0.0001,0.009365448118187488,0.015,,
6828,284,1945600,3.07194793,155.81,95,470,-4.318022921085357,1.0210999250411987,0.9399232268333435,0.004639540926946211,-0.0011988580226898193,0.1773828125,8.66459e-05,0.0001,0.009043484845897183,0.015,,
,,1950000,,,,475,-4.3213171446323395,1.0218886137008667,0.9434753060340881,0.007051432652879157,0.009805666282773018,0.195673828125,9.254611e-05,0.0001,0.008254378862911835,0.015,3.5267109999999997,163.875
6904,284,1966080,3.3358415200000002,164.74,96,,,,,,,,,,,,,
6972,284,1986560,2.9968572200000008,148.79,97,480,-4.321163039207459,1.021648645401001,0.9333207607269287,-0.008436848015408031,-0.0011377669870853424,0.1626953125,7.998528e-05,0.0001,0.008479638603748754,0.015,,
,,2000000,,,,485,-4.323824352025985,1.0227041244506836,0.9383199214935303,0.002438373000768479,0.018335135653614998,0.165703125,7.654521e-05,0.0001,0.008000042923958972,0.015,3.6239277499999996,166.25
7047,284,2007040,3.0360237999999993,156.0,98,,,,,,,,,,,,,
7113,285,2027520,3.2360246399999992,162.65,99,490,-4.325152342319488,1.0231255292892456,0.9414663910865784,-0.003031723538879305,0.008173242211341858,0.17318359375,7.7892866e-05,0.0001,0.00850402299547568,0.015,,
7182,285,2048000,3.4099256700000002,168.15,100,495,-4.326497492790222,1.0234971046447754,0.9322082996368408,-0.014227782161906361,0.0010265400633215904,0.193271484375,9.3463015e-05,0.0001,0.008249828892294317,0.015,,
,,2050000,,,,500,-4.327120625972748,1.0240682363510132,0.9475392699241638,-0.00903029809371219,-0.008939187973737717,0.15837890625,7.984486e-05,0.0001,0.007633709909277968,0.015,2.830556625,144.75
7281,284,2068480,3.2052263499999993,157.27,101,,,,,,,,,,,,,
7366,283,2088960,3.1483696599999997,158.85,102,505,-4.3280450880527495,1.023940086364746,0.9323188066482544,-0.006876366258202324,0.00917103886604309,0.18375,9.0487374e-05,0.0001,0.008825457021011972,0.015,,
,,2100000,,,,510,-4.3275119650363925,1.0238670110702515,0.927756130695343,-0.008793806090106954,-0.013646109029650688,0.173896484375,8.041413e-05,0.0001,0.009286871335934848,0.015,3.336012125,150.25
7433,283,2109440,3.1355705599999997,152.07,103,,,,,,,,,,,,,
7496,284,2129920,3.0683603100000005,151.25,104,515,-4.326940284967423,1.023808479309082,0.9439982771873474,-0.009162389259581688,0.0034543825313448906,0.163935546875,7.86922e-05,0.0001,0.007396187098929658,0.015,,
,,2150000,,,,520,-4.3278995656967165,1.0241366624832153,0.9334760308265686,2.3848923956393264e-05,-0.0016811219975352287,0.172802734375,8.06437e-05,0.0001,0.008913228190504014,0.015,2.995588875,142.0
7563,284,2150400,3.1723712899999996,157.73,105,,,,,,,,,,,,,
7631,284,2170880,3.2848247300000004,163.75,106,525,-4.328580255508423,1.0240954160690308,0.9346692562103271,-0.00841765353718074,0.007751976605504751,0.187333984375,8.686011e-05,0.0001,0.008687012800364755,0.015,,
7723,283,2191360,3.9118266900000003,191.61,107,530,-4.326630808115006,1.0232276916503906,0.9215176701545715,-0.019159276029386094,-0.01276852935552597,0.200263671875,0.0001016991,0.0001,0.010135110977571457,0.015,,
,,2200000,,,,535,-4.327158274650574,1.0237294435501099,0.928541898727417,-0.00600617081989185,0.002644638530910015,0.1928515625,8.9351015e-05,0.0001,0.008864821901661345,0.015,3.617664875,171.75
7808,283,2211840,2.910692439999999,147.71,108,,,,,,,,,,,,,
7892,282,2232320,3.70753513,183.74,109,540,-4.329969906806946,1.02505362033844,0.9387168288230896,0.01107265062717488,0.02097543701529503,0.19275390625,9.991795e-05,0.0001,0.008703194260597229,0.015,,
,,2250000,,,,545,-4.330555166006088,1.0246995687484741,0.9267635345458984,-0.020925212796137203,-0.006875289138406515,0.226689453125,0.00010914963,0.0001,0.007973302978789433,0.015,2.537822,131.625
7984,282,2252800,3.2621328599999995,166.66,110,,,,,,,,,,,,,
8068,281,2273280,2.8880127599999996,145.96,111,550,-4.330896642208099,1.0250917673110962,0.9262804985046387,-0.0019192220611148514,0.0008383989334106445,0.21080078125,0.00010164484,0.0001,0.010376212585251779,0.015,,
8182,280,2293760,3.01697119,147.63,112,555,-4.3308023726940155,1.0244922637939453,0.9314883947372437,-0.0018740819564845878,0.007306656800210476,0.18138671875,8.468572e-05,0.0001,0.009209982397733256,0.015,,
,,2300000,,,,560,-4.3318426954746245,1.0252370834350586,0.9363028407096863,0.006591149608429987,0.011770762503147125,0.178232421875,9.0775975e-05,0.0001,0.009091281278524549,0.015,3.1821277500000003,159.5
8261,280,2314240,3.1512139500000003,157.34,113,,,,,,,,,,,,,
8332,280,2334720,3.2365392799999997,157.81,114,565,-4.332673839330673,1.0252395868301392,0.9289097785949707,-0.002860781118652085,0.021406076848506927,0.210830078125,0.00010260105,0.0001,0.009611726138973608,0.015,,
,,2350000,,,,570,-4.331415151357651,1.0250200033187866,0.9406301975250244,-0.0037754186247184406,0.0016942434012889862,0.1904296875,8.913539e-05,0.0001,0.008465994078433141,0.015,3.0228241249999996,147.5
8410,280,2355200,3.2920579200000004,164.64,115,,,,,,,,,,,,,
8494,279,2375680,3.2719016999999995,160.14,116,575,-4.332685046195984,1.0259896516799927,0.9381736516952515,0.0005377165337267797,0.006808682344853878,0.18962890625,9.280301e-05,0.0001,0.008600715283537284,0.015,,
8582,279,2396160,2.9862908900000003,149.29,117,580,-4.333584723472595,1.0259557962417603,0.9310576915740967,-0.009936753491201671,-0.007127656601369381,0.200263671875,9.445831e-05,0.0001,0.008913034957367926,0.015,,
,,2400000,,,,585,-4.336225049495697,1.027185320854187,0.9421072006225586,0.007172798046885873,0.015184767544269562,0.213359375,0.00010197286,0.0001,0.0077865746093448256,0.015,3.4801562500000003,167.125
8670,278,2416640,3.3311736899999995,161.97,118,,,,,,,,,,,,,
8754,278,2437120,3.11217215,157.78,119,590,-4.335677851438522,1.0263816118240356,0.9189631938934326,-0.011464801719703245,0.0018121292814612389,0.214658203125,0.0001026548,0.0001,0.009698404221562668,0.015,,
,,2450000,,,,595,-4.334836953878403,1.026266098022461,0.9352165460586548,-0.012901572377595585,0.004270534962415695,0.178359375,8.4965395e-05,0.0001,0.00861962307128124,0.015,3.62984425,189.875
8831,278,2457600,3.1160835700000007,155.28,120,,,,,,,,,,,,,
8895,278,2478080,4.6219651299999995,232.28,121,600,-4.334655051231384,1.0261849164962769,0.9526721835136414,-0.023250263474765234,-0.011403890326619148,0.24025390625,0.00010800986,0.0001,0.005840167017304339,0.015,,
8960,278,2498560,3.07398576,155.19,122,605,-4.3350224733352665,1.0264695882797241,0.9483053684234619,-0.01096293539070757,-0.006077801808714867,0.2323046875,0.00011064919,0.0001,0.007377468376071192,0.015,,
,,2500000,,,,610,-4.335040611028671,1.0261722803115845,0.931992769241333,-0.004771637858357281,0.012545095756649971,0.2226171875,0.00010466904,0.0001,0.00928029404953122,0.015,3.2621358750000002,162.25
9042,278,2519040,3.12500272,157.1,123,,,,,,,,,,,,,
9144,277,2539520,3.9847121,199.11,124,615,-4.335677841901779,1.026960015296936,0.9558098316192627,-0.00023414815274009016,0.004068505018949509,0.166953125,7.734413e-05,0.0001,0.006686500976793468,0.015,,
,,2550000,,,,620,-4.335810371637344,1.0268133878707886,0.9199612140655518,-0.007169437167467549,0.00625052023679018,0.231962890625,0.0001158852,0.0001,0.010404728967696428,0.015,3.0396882499999998,157.625
9230,277,2560000,3.122903289999999,154.3,125,,,,,,,,,,,,,
9293,277,2580480,4.1163202000000005,208.16,126,625,-4.338300354480744,1.027517557144165,0.9503206610679626,-0.005009325230057584,0.01570352539420128,0.260595703125,0.0001221631,0.0001,0.007179252955829725,0.015,,
,,2600000,,,,630,-4.338262170553207,1.0273162126541138,0.9260456562042236,-0.007909892257303,-0.011264432221651077,0.20744140625,0.00010104829,0.0001,0.011054628835991025,0.015,4.176920875,219.125
9368,277,2600960,3.6614909399999997,183.74,127,,,,,,,,,,,,,
9439,277,2621440,3.0982212500000004,158.68,128,635,-4.338627852201462,1.0277050733566284,0.943699300289154,-0.004189770511220559,0.013607501983642578,0.296455078125,0.00014714696,0.0001,0.00862584394752048,0.015,,
9522,277,2641920,3.02712872,146.5,129,640,-4.341475435495377,1.0289615392684937,0.9215376377105713,0.009409681559191085,0.030817806720733643,0.226533203125,0.00010957782,0.0001,0.010189379034563899,0.015,,
,,2650000,,,,645,-4.344170520305633,1.0297001600265503,0.9227730631828308,0.0036504734725895105,0.008421549573540688,0.22595703125,0.00010961965,0.0001,0.009519569293479435,0.015,3.741774125,195.625
9607,277,2662400,3.3959758900000003,167.3,130,,,,,,,,,,,,,
9692,276,2682880,3.09995684,153.56,131,650,-4.344562683105469,1.029929518699646,0.9290263056755066,-0.007433589932479663,0.0006538834422826767,0.189658203125,8.957222e-05,0.0001,0.008430416249320843,0.015,,
,,2700000,,,,655,-4.348034316301346,1.031314492225647,0.9517385959625244,0.0026698872918495906,0.010343422181904316,0.17330078125,8.3519335e-05,0.0001,0.006955122234649025,0.015,2.8784245,154.375
9786,276,2703360,3.1729425899999995,158.68,132,,,,,,,,,,,,,
9853,276,2723840,3.4734042700000005,173.15,133,660,-4.350520967245102,1.0318049192428589,0.9373551607131958,0.00024480652646161614,0.009933965280652046,0.185234375,8.963123e-05,0.0001,0.009545940236421302,0.015,,
9932,276,2744320,3.0490131000000003,154.76,134,665,-4.350788692235946,1.0319472551345825,0.9258190989494324,-0.008669765866361558,-0.0002078413963317871,0.21205078125,0.000102363105,0.0001,0.009298713250318542,0.015,,
,,2750000,,,,670,-4.352250345945358,1.0323127508163452,0.9237552285194397,-0.00021195072527916637,0.004030403681099415,0.204619140625,0.00010135975,0.0001,0.008823998741572723,0.015,4.420636125,195.75
10025,275,2764800,3.40272617,165.82,135,,,,,,,,,,,,,
10098,275,2785280,3.24304571,161.05,136,675,-4.351371754407882,1.0318975448608398,0.9353570342063904,-0.01073091637037578,-0.009906940162181854,0.189755859375,9.0109395e-05,0.0001,0.007602514960453845,0.015,,
,,2800000,,,,680,-4.350034177303314,1.0313829183578491,0.9314365386962891,-0.014417746461986099,0.016886373981833458,0.190107421875,9.358092e-05,0.0001,0.007663359313737601,0.015,2.718366625,139.625
10170,275,2805760,3.16366699,159.22,137,,,,,,,,,,,,,
10240,275,2826240,3.3964800299999998,167.08,138,685,-4.348882591724395,1.0309890508651733,0.9299924373626709,-0.019118125833920203,-0.01711636409163475,0.194873046875,9.26027e-05,0.0001,0.007311707107000984,0.015,,
10327,275,2846720,3.9017876099999995,195.42,139,690,-4.347817100286484,1.0308750867843628,0.9306838512420654,-0.020103567897167524,-0.01776508241891861,0.229814453125,0.00011465128,0.0001,0.007143189960042946,0.015,,
,,2850000,,,,695,-4.348777192831039,1.030949592590332,0.9365611672401428,-0.001041771975433221,0.002267511561512947,0.251298828125,0.00012602232,0.0001,0.008242034176946618,0.015,3.7182278749999997,163.625
10399,275,2867200,3.016621400000001,150.05,140,,,,,,,,,,,,,
10466,275,2887680,3.2846979099999998,160.78,141,700,-4.349295362234115,1.0317226648330688,0.9358792304992676,0.004938388436712558,0.0039182789623737335,0.198369140625,0.00010048503,0.0001,0.008353616866515949,0.015,,
,,2900000,,,,705,-4.349138853549957,1.0311932563781738,0.9264306426048279,-0.011394398062693654,0.0045931702479720116,0.1980078125,9.691834e-05,0.0001,0.008346846238709986,0.015,2.798831125,132.875
10556,275,2908160,3.1300491300000006,154.77,142,,,,,,,,,,,,,
10642,275,2928640,4.050406980000001,203.53,143,710,-4.349181228876114,1.03146493434906,0.9313070178031921,-0.007648535042681033,-0.008609114214777946,0.211142578125,9.9777906e-05,0.0001,0.008282180883688851,0.015,,
10736,274,2949120,3.17477487,159.21,144,715,-4.350499342679978,1.0318236351013184,0.928054690361023,-0.01000330491347995,-0.0064936354756355286,0.210458984375,0.00010119982,0.0001,0.008984865942038596,0.015,,
,,2950000,,,,720,-4.351276223659515,1.0319372415542603,0.9307551383972168,-0.00680191974643094,-0.0070517342537641525,0.21935546875,0.00010545724,0.0001,0.009785708889830857,0.015,4.633765875,214.25
10835,274,2969600,3.0383841800000004,158.78,145,,,,,,,,,,,,,
10924,273,2990080,3.8903032300000002,189.5,146,725,-4.351731203794479,1.0324510335922241,0.9170971512794495,-0.0020972689168411306,-0.004545329138636589,0.2633203125,0.00013295973,0.0001,0.010213357578031719,0.015,,
,,3000000,,,,730,-4.353595960140228,1.0328959226608276,0.9322000741958618,-0.00870671273660264,0.0027508223429322243,0.192275390625,9.216003e-05,0.0001,0.008819250533706509,0.015,2.489544625,146.625
11019,273,3010560,3.06538719,156.48,147,,,,,,,,,,,,,
11109,272,3031040,4.061610679999999,202.94,148,735,-4.354164391756058,1.0331515073776245,0.9302825927734375,-0.0031900368741480632,0.01489586103707552,0.132392578125,6.520964e-05,5e-05,0.009894876192556695,0.015,,
,,3050000,,,,740,-4.35580948472023,1.0337533950805664,0.9361283183097839,-0.005291780558691244,0.0397537462413311,0.12876953125,6.5073196e-05,5e-05,0.009592105892952531,0.015,3.6527007499999997,172.75
11207,272,3051520,3.01770652,150.97,149,,,,,,,,,,,,,
11282,272,3072000,3.21380715,155.39,150,745,-4.358934062719345,1.034894347190857,0.9407937526702881,0.007775967356137698,0.015056779608130455,0.198779296875,9.537382e-05,5e-05,0.009884245423600078,0.015,,
11350,272,3092480,3.0962916699999994,152.72,151,750,-4.35992553114891,1.034927248954773,0.9348093867301941,-0.004352928706648527,0.025063972920179367,0.161044921875,7.7438e-05,5e-05,0.011341409573797137,0.015,,
,,3100000,,,,755,-4.361769763231277,1.0359350442886353,0.9344290494918823,0.004810055708658183,0.018361136317253113,0.148818359375,7.031211e-05,5e-05,0.009295762008987367,0.015,3.4676565,170.0
11441,272,3112960,3.0523286499999993,149.22,152,,,,,,,,,,,,,
11522,271,3133440,3.8797483900000005,189.64,153,760,-4.362018337249756,1.0355653762817383,0.918693482875824,-0.018264629498880823,0.0009769992902874947,0.238466796875,0.00011031601,5e-05,0.010480551013024524,0.015,,
,,3150000,,,,765,-4.361670978069306,1.0354918241500854,0.9357468485832214,-0.015023884210240795,-0.009697498753666878,0.1421484375,7.335316e-05,5e-05,0.00979406307451427,0.015,3.9754936249999995,186.375
11604,271,3153920,3.9234131199999998,195.38,154,,,,,,,,,,,,,
11699,271,3174400,2.92618287,147.7,155,770,-4.36145504951477,1.0356731414794922,0.9445399045944214,-0.00330901954555884,0.006960464641451836,0.229091796875,0.00010195305,5e-05,0.009472841774113476,0.015,,
11793,270,3194880,3.1683126400000003,153.98,156,775,-4.364391840696335,1.0366812944412231,0.9332700967788696,-0.002542418245138833,-0.0005281399935483932,0.14513671875,7.075122e-05,5e-05,0.009725305505562575,0.015,,
,,3200000,,,,780,-4.3639686584472654,1.0362350940704346,0.9272193312644958,-0.01729582515428774,-0.016530103981494904,0.167177734375,7.658069e-05,5e-05,0.009637955604121088,0.015,2.989180375,149.625
11890,270,3215360,4.140534779999999,203.83,157,,,,,,,,,,,,,
11971,270,3235840,3.1689059399999997,157.06,158,785,-4.3635446178913115,1.036301612854004,0.933792769908905,-0.008467925172444666,0.0001219678670167923,0.160498046875,7.366498e-05,5e-05,0.009621895463205875,0.015,,
,,3250000,,,,790,-4.363800834417344,1.0362650156021118,0.9234846234321594,-0.01952091483719414,-0.013857746496796608,0.167734375,7.502711e-05,5e-05,0.009352105134166778,0.015,3.2921308750000002,154.125
12037,270,3256320,2.95517682,152.11,159,,,,,,,,,,,,,
12099,270,3276800,5.328677250000001,263.69,160,795,-4.36155712723732,1.035455346107483,0.9349318742752075,-0.031659474710468205,-0.024132758378982544,0.25005859375,0.0001138323,5e-05,0.0077983226656215265,0.015,,
12163,271,3297280,3.03065266,148.31,161,800,-4.360977954864502,1.035455346107483,0.936473548412323,-0.014513611632573885,1.4758668839931488e-05,0.312666015625,0.0001555701,5e-05,0.00990554946823977,0.015,,
,,3300000,,,,805,-4.360936901569366,1.0352762937545776,0.935301661491394,-0.00742406358855078,0.0003212280571460724,0.21896484375,9.926521e-05,5e-05,0.010418017483316363,0.015,3.2611974999999997,163.875
12232,271,3317760,3.2448813999999997,160.17,162,,,,,,,,,,,,,
12294,271,3338240,3.88336831,193.82,163,810,-4.361629116535187,1.035660982131958,0.9509514570236206,-0.010482822183403186,-0.0037456247955560684,0.187353515625,8.444999e-05,5e-05,0.008075656605651602,0.015,,
,,3350000,,,,815,-4.362553832530975,1.0357065200805664,0.9443814754486084,-0.007316506520655821,-0.011675938032567501,0.194609375,9.416777e-05,5e-05,0.008834464988904073,0.015,3.0556871250000004,155.125
12363,271,3358720,3.172461410000001,157.36,164,,,,,,,,,,,,,
12425,271,3379200,3.0798854100000006,154.42,165,820,-4.36374210357666,1.0364247560501099,0.9371383190155029,-0.001071426330745453,0.024202674627304077,0.178564453125,8.3732e-05,5e-05,0.009879635417601094,0.015,,
12487,272,3399680,2.9012706399999995,147.8,166,825,-4.365184451341629,1.036873459815979,0.9522745013237,-9.188616255414672e-05,0.01123035792261362,0.17640625,8.396908e-05,5e-05,0.007265636111842468,0.015,,
,,3400000,,,,830,-4.364361324310303,1.036463737487793,0.9330678582191467,-0.012363038724579382,0.004483395256102085,0.19333984375,8.7372784e-05,5e-05,0.00861627296777442,0.015,3.153564875,150.625
12552,272,3420160,3.39851795,165.55,167,,,,,,,,,,,,,
12615,272,3440640,4.75404196,234.97,168,835,-4.362973129749298,1.035772442817688,0.9178533554077148,-0.04380788245704025,-0.03704911097884178,0.20822265625,9.737108e-05,5e-05,0.0069911658304044975,0.015,,
,,3450000,,,,840,-4.362023543119431,1.035683274269104,0.9225860834121704,-0.010186044179863529,-0.007380093447864056,0.19265625,8.5466505e-05,5e-05,0.011132766562514006,0.015,3.592063875,179.25
12683,272,3461120,3.0424489399999994,155.0,169,,,,,,,,,,,,,
12746,273,3481600,3.1007881,150.19,170,845,-4.362877776622772,1.0360937118530273,0.9292160868644714,-0.0075198272684065155,-0.0027136914432048798,0.164130859375,8.013958e-05,5e-05,0.010078316800063476,0.015,,
,,3500000,,,,850,-4.363689639568329,1.0362157821655273,0.9440363049507141,-0.01200589908665279,0.00912468321621418,0.155419921875,6.982498e-05,5e-05,0.007311038565239869,0.015,3.7322620000000004,167.5
12813,273,3502080,4.06107204,197.58,171,,,,,,,,,,,,,
12877,273,3522560,2.9115177900000004,149.42,172,855,-4.364506213665009,1.036387324333191,0.9270577430725098,-0.014846484470326686,-0.006855946034193039,0.16513671875,7.756247e-05,5e-05,0.009402397777885199,0.015,,
12940,273,3543040,3.1654524899999994,156.5,173,860,-4.365808749198914,1.0373588800430298,0.9525851011276245,0.007831029472799855,0.013773377984762192,0.18849609375,8.926205e-05,5e-05,0.00804915101674851,0.015,,
,,3550000,,,,865,-4.366934072971344,1.0374699831008911,0.935877799987793,-0.006542197057788144,-0.0033675283193588257,0.154609375,7.585676e-05,5e-05,0.009458030613604933,0.015,3.08386925,162.0
13008,273,3563520,2.9876805700000006,147.42,174,,,,,,,,,,,,,
13070,274,3584000,3.18578939,158.33,175,870,-4.3671102821826935,1.0374830961227417,0.9523749351501465,-0.002249175169999944,-0.0007229605689644814,0.147548828125,6.889814e-05,5e-05,0.007309926213347353,0.015,,
,,3600000,,,,875,-4.366807118654251,1.0372978448867798,0.9509133100509644,-0.010144733098277356,5.7229772210121155e-06,0.18005859375,8.2427556e-05,5e-05,0.007888328791595995,0.015,3.4653165,161.75
13139,274,3604480,3.1001609499999994,155.46,176,,,,,,,,,,,,,
13206,274,3624960,3.84420622,194.95,177,880,-4.369189573526382,1.0385075807571411,0.941715657711029,-0.008642216319276485,-0.011655723676085472,0.218720703125,0.00010713355,5e-05,0.007842471476760694,0.015,,
13280,274,3645440,2.9681284999999997,151.42,178,885,-4.370724755525589,1.03889000415802,0.937700629234314,-0.006248123787372606,-0.004672380164265633,0.1677734375,8.05557e-05,5e-05,0.009789090256672352,0.015,,
,,3650000,,,,890,-4.370611574649811,1.0388379096984863,0.9470615386962891,-0.0033646249755111056,0.0065870340913534164,0.1653125,7.892412e-05,5e-05,0.008103064887691289,0.015,6.7726745,356.25
13372,274,3665920,3.3196654200000006,163.65,179,,,,,,,,,,,,,
13460,273,3686400,2.95077444,147.83,180,895,-4.371197636127472,1.0389598608016968,0.9489494562149048,-0.014950846114661544,-0.011850661598145962,0.19939453125,9.121166e-05,5e-05,0.00902450736379251,0.015,,
,,3700000,,,,900,-4.37197587966919,1.0392824411392212,0.9439001083374023,0.000938898734311806,0.017647260800004005,0.195966796875,8.924558e-05,5e-05,0.009421999271726236,0.015,3.2951517500000005,145.25
13539,273,3706880,3.2631456299999995,161.67,181,,,,,,,,,,,,,
13605,273,3727360,3.0378948799999996,151.77,182,905,-4.372356669902802,1.0392775535583496,0.944453775882721,-0.009094779104925692,0.002789539285004139,0.22810546875,0.000111287714,5e-05,0.00876194914104417,0.015,,
13672,274,3747840,2.9782269599999993,152.28,183,910,-4.374495053291321,1.0403653383255005,0.9500881433486938,0.003965440741521889,0.011697016656398773,0.271376953125,0.00013441053,5e-05,0.008679047317709774,0.015,,
,,3750000,,,,915,-4.375466327667237,1.040449619293213,0.9383211135864258,-0.004228124869841849,0.01791948825120926,0.1626171875,7.7671975e-05,5e-05,0.009830962793203071,0.015,3.39521475,164.625
18094,208,3768320,3.1162602300000004,157.97,184,,,,,,,,,,,,,
18154,208,3788800,3.0115941,154.89,185,920,-4.375922669172287,1.0405768156051636,0.9364755749702454,-0.0030015093080874066,-0.004294205456972122,0.171142578125,8.404361e-05,5e-05,0.00992017355398275,0.015,,
,,3800000,,,,925,-4.376413550376892,1.040831446647644,0.9350175857543945,-0.002451539106987184,0.003875204361975193,0.19291015625,9.104671e-05,5e-05,0.009140538281062618,0.015,3.4150386249999998,163.875
21923,173,3809280,3.07349709,156.07,186,,,,,,,,,,,,,
30772,124,3829760,3.3217789900000003,165.04,187,930,-4.377577911615372,1.0410689115524292,0.9396220445632935,-0.0014892119415162598,0.010096430778503418,0.157353515625,7.523627e-05,5e-05,0.008765514653641731,0.015,,
,,3850000,,,,935,-4.378916563987732,1.041723370552063,0.950049638748169,-0.006497879896196537,-0.0017996104434132576,0.159853515625,8.051048e-05,5e-05,0.008049169748555868,0.015,3.1408337499999996,156.375
41660,92,3850240,3.2037641400000005,159.38,188,,,,,,,,,,,,,
42303,91,3870720,2.9531924400000005,153.81,189,940,-4.381065752506256,1.0422390699386597,0.9414604306221008,-0.008368443506769836,-0.002363612875342369,0.166015625,7.776143e-05,5e-05,0.009093831503996626,0.015,,
42362,91,3891200,3.88850478,194.05,190,945,-4.380271700620651,1.0420323610305786,0.9330228567123413,-0.011931889383049565,-0.002370069734752178,0.238017578125,0.00010779993,5e-05,0.01076847815536894,0.015,,
,,3900000,,,,950,-4.381305795907974,1.0424944162368774,0.9263914227485657,-0.006916124061244772,-0.0003235321491956711,0.192666015625,8.687128e-05,5e-05,0.01127683463622816,0.015,3.0693838749999998,150.375
45682,85,3911680,3.23853757,161.13,191,,,,,,,,,,,,,
47392,82,3932160,3.2712035999999993,162.19,192,955,-4.381513793468475,1.0424433946609497,0.9424147605895996,-0.0088659781505703,0.008458212949335575,0.232197265625,0.00010636168,5e-05,0.009271641887025908,0.015,,
,,3950000,,,,960,-4.381110811233521,1.042189598083496,0.945572018623352,-0.015115652187378146,-0.009766307659447193,0.1609765625,7.613298e-05,5e-05,0.009011090178973972,0.015,3.6393042500000004,164.0
52729,74,3952640,3.53169495,181.76,193,,,,,,,,,,,,,
52820,75,3973120,3.1068747499999994,154.33,194,965,-4.380046981573105,1.0418459177017212,0.9119429588317871,-0.02939832238247618,-0.023470710963010788,0.279033203125,0.00013175416,5e-05,0.012441102735465392,0.015,,
52883,75,3993600,3.0045370699999996,151.6,195,970,-4.3794393742084505,1.0419687032699585,0.9446791410446167,-0.00741939384766738,0.0006749182939529419,0.176181640625,8.008789e-05,5e-05,0.008514440732542426,0.015,,
,,4000000,,,,975,-4.382070885896683,1.0431715250015259,0.9333962202072144,0.0048178344548796305,0.00627669645473361,0.24666015625,0.00011928579,5e-05,0.00885000824870076,0.015,3.569877625,170.125
52954,75,4014080,3.05755967,152.74,196,,,,,,,,,,,,,
53018,76,4034560,3.1698302699999994,154.47,197,980,-4.385076547861099,1.0440647602081299,0.9458213448524475,0.010320854338788195,0.021693289279937744,0.149892578125,7.2620634e-05,5e-05,0.008038983532460407,0.015,,
,,4050000,,,,985,-4.386519732475281,1.0442827939987183,0.940743625164032,-0.007143281088792719,0.014584202319383621,0.15697265625,7.760588e-05,5e-05,0.008851375604281201,0.015,2.597371625,139.0
53085,76,4055040,3.096052509999999,159.11,198,,,,,,,,,,,,,
53147,76,4075520,3.17111462,156.53,199,990,-4.387213624715805,1.0446810722351074,0.9394822716712952,0.002588777162018232,0.008670254610478878,0.1583984375,7.3736315e-05,5e-05,0.009212147428188473,0.015,,
53212,76,4096000,3.0283676999999996,151.06,200,995,-4.388899114131927,1.0453535318374634,0.9414983987808228,0.00011826454167021438,0.00811607763171196,0.171376953125,7.9876176e-05,5e-05,0.009254486938007176,0.015,,
,,4100000,,,,1000,-4.38938677072525,1.0452178716659546,0.9480793476104736,0.0015438779038959183,0.002149907872080803,0.144052734375,6.746788e-05,5e-05,0.008304804897634313,0.015,3.011586125,158.75
53280,77,4116480,3.1859451600000006,158.35,201,,,,,,,,,,,,,
53341,77,4136960,3.6689154999999998,185.14,202,1005,-4.390227304697037,1.0454267263412476,0.9500272870063782,-0.010315021392743802,-0.012042492628097534,0.203115234375,9.407815e-05,5e-05,0.009087630133726633,0.015,,
,,4150000,,,,1010,-4.391193528175354,1.045990228652954,0.9481077790260315,-0.0005425541942531708,0.013882235623896122,0.16189453125,7.818482e-05,5e-05,0.009828079829458148,0.015,3.10676075,153.25
53407,77,4157440,3.074637579999999,154.22,203,,,,,,,,,,,,,
53470,78,4177920,3.4877045,168.67,204,1015,-4.392580318450928,1.046377182006836,0.9345182180404663,-0.005233526811352931,0.017621420323848724,0.157841796875,7.1131784e-05,5e-05,0.00944254120462574,0.015,,
53535,78,4198400,3.1438559600000002,164.09,205,1020,-4.3948871099948885,1.0472640991210938,0.9420496225357056,-0.0005550087422307115,0.008585943840444088,0.1659375,8.1832695e-05,5e-05,0.008207238094182685,0.015,,
,,4200000,,,,1025,-4.396923544406891,1.048085331916809,0.9383425116539001,-0.0018932622263673692,0.002728773280978203,0.16921875,7.8288664e-05,5e-05,0.009457354970509186,0.015,3.20185875,161.625
53609,78,4218880,3.23137975,158.33,206,,,,,,,,,,,,,
53673,78,4239360,3.0083250400000003,152.46,207,1030,-4.40091823220253,1.0496301651000977,0.9445734024047852,-0.004086755644675577,0.001437528058886528,0.163896484375,7.934376e-05,5e-05,0.009025020063854755,0.015,,
,,4250000,,,,1035,-4.404071183204651,1.0505229234695435,0.9372182488441467,-0.000797170821679174,0.01997661218047142,0.1523828125,7.22751e-05,5e-05,0.01032746492070146,0.015,3.5170067499999997,180.375
53740,79,4259840,3.0897693900000003,153.93,208,,,,,,,,,,,,,
53803,79,4280320,3.53360077,180.58,209,1040,-4.404490798711777,1.0504132509231567,0.9276177287101746,-0.015613023363257525,-0.026554394513368607,0.154599609375,7.231049e-05,5e-05,0.009766147256596015,0.015,,
,,4300000,,,,1045,-4.403253885507584,1.049996256828308,0.9349556565284729,-0.006830385775538161,-0.0014074482023715973,0.165693359375,8.13073e-05,5e-05,0.009308662007097155,0.015,2.99351775,141.125
53872,79,4300800,3.1417248400000006,156.17,210,,,,,,,,,,,,,
53937,80,4321280,3.3409192999999995,162.46,211,1050,-4.405031250715256,1.0508575439453125,0.929140567779541,0.0030127778032328933,0.02195212058722973,0.18662109375,8.485727e-05,5e-05,0.011085027342196553,0.015,,
54006,80,4341760,3.1707370399999997,156.71,212,1055,-4.405886163711548,1.050857424736023,0.9331831932067871,-0.005702919328905409,0.021492525935173035,0.210244140625,9.873044e-05,5e-05,0.009602652556495742,0.015,,
,,4350000,,,,1060,-4.40823292016983,1.0521421432495117,0.9455599188804626,0.004989054491743445,0.03759479895234108,0.220166015625,0.00010364305,5e-05,0.008753289990127087,0.015,3.8238280000000002,169.125
54086,80,4362240,2.95654885,149.64,213,,,,,,,,,,,,,
54180,80,4382720,3.0084175500000008,151.63,214,1065,-4.4108516418933865,1.0529046058654785,0.937420666217804,0.009064649761276087,0.019441504031419754,0.172109375,8.546481e-05,5e-05,0.009555390559835359,0.015,,
,,4400000,,,,1070,-4.4138287103176115,1.054051160812378,0.9396207928657532,0.006037573487410555,0.014480438083410263,0.17068359375,8.238718e-05,5e-05,0.009570822230889462,0.015,3.017094375,144.375
54277,81,4403200,3.02286532,150.28,215,,,,,,,,,,,,,
54352,81,4423680,3.89893641,198.03,216,1075,-4.4158129572868345,1.0545183420181274,0.9527392983436584,-0.004051028772664722,-0.01279476098716259,0.216982421875,0.00010018852,5e-05,0.008710063510225154,0.015,,
54449,81,4444160,3.1299337800000004,152.41,217,1080,-4.417891827821731,1.0554965734481812,0.9474573731422424,0.0032163009131181753,-0.00188446044921875,0.183095703125,9.04693e-05,5e-05,0.01107027508551255,0.015,,
,,4450000,,,,1085,-4.41988329410553,1.0559930801391602,0.9471268057823181,0.0012716425166581758,0.012186514213681221,0.2809375,0.00013865464,5e-05,0.007975885120686144,0.015,3.075534375,149.625
54531,81,4464640,3.1570802000000002,156.68,218,,,,,,,,,,,,,
54624,82,4485120,3.0992769800000004,154.15,219,1090,-4.420301510095596,1.0561310052871704,0.9367238283157349,-0.006763456475746352,-2.272147685289383e-05,0.187646484375,8.613175e-05,5e-05,0.008876512557035312,0.015,,
,,4500000,,,,1095,-4.421939336061477,1.0567948818206787,0.9558736681938171,-0.010230563950026408,-0.0016044685617089272,0.17291015625,8.638563e-05,5e-05,0.006954762005480006,0.015,3.405454625,174.5
54716,82,4505600,3.7802474700000004,188.57,220,,,,,,,,,,,,,
54783,82,4526080,3.036983580000001,150.99,221,1100,-4.424173535108566,1.057552456855774,0.935937225818634,-0.001938061292603379,0.004820423200726509,0.183046875,8.6326385e-05,5e-05,0.009191980045288801,0.015,,
54847,82,4546560,3.3992615900000005,166.7,222,1105,-4.42576851606369,1.058102011680603,0.9512821435928345,-0.007715499824698781,0.009971721097826958,0.171484375,8.282224e-05,5e-05,0.008267843414796517,0.015,,
,,4550000,,,,1110,-4.426666820049286,1.0583524703979492,0.9375730156898499,-0.011084467817272525,0.005382535979151726,0.28197265625,0.00014029082,5e-05,0.010429040887393057,0.015,3.4925895000000002,155.5
54920,83,4567040,3.20431807,155.57,223,,,,,,,,,,,,,
55000,83,4587520,3.00918564,152.95,224,1115,-4.427094806432724,1.0583370923995972,0.9363795518875122,-0.0026594845128420277,0.0035243071615695953,0.24638671875,0.0001174964,5e-05,0.011140514607541263,0.015,,
,,4600000,,,,1120,-4.427267342805862,1.0585757493972778,0.951082170009613,-0.002997478076140396,-6.571505218744278e-05,0.19076171875,8.404986e-05,5e-05,0.007861677015316672,0.015,3.1950884999999998,142.375
55076,83,4608000,3.196857380000001,159.34,225,,,,,,,,,,,,,
55173,83,4628480,3.9322908600000006,196.75,226,1125,-4.427267074584961,1.0583795309066772,0.9274880886077881,-0.023294048564857804,-0.017135340720415115,0.222724609375,0.000106018175,5e-05,0.008553784348769113,0.015,,
55263,84,4648960,3.0347220900000003,153.48,227,1130,-4.426848899126053,1.058264136314392,0.9356237053871155,-0.02096157205698546,-0.0007369145750999451,0.192548828125,9.541433e-05,5e-05,0.008203743263147772,0.015,,
,,4650000,,,,1135,-4.427780261039734,1.058861255645752,0.9414135813713074,0.0019809960962447804,0.013798614963889122,0.16421875,8.1033926e-05,5e-05,0.00997816602466628,0.015,3.126135125,148.5
55331,84,4669440,3.2181595400000003,160.16,228,,,,,,,,,,,,,
55398,84,4689920,4.04557568,193.98,229,1140,-4.428975304365158,1.059316635131836,0.948400616645813,-0.008017739941133186,0.007679063826799393,0.252021484375,0.00012170749,5e-05,0.008060123455361463,0.015,,
,,4700000,,,,1145,-4.430590045452118,1.0596743822097778,0.9380370378494263,-0.010757529583206632,-0.011399408802390099,0.194423828125,9.316163e-05,5e-05,0.008440774705959483,0.015,2.95993425,154.0
55491,84,4710400,3.1502468400000003,156.74,230,,,,,,,,,,,,,
55581,85,4730880,3.1562298,154.35,231,1150,-4.4306044828891755,1.0595933198928833,0.9317082762718201,-0.00013546462359954604,0.019506223499774933,0.269833984375,0.000129191,5e-05,0.01016142440144904,0.015,,
,,4750000,,,,1155,-4.432979723215103,1.06063973903656,0.9459459781646729,-0.0016660107005009195,0.017814405262470245,0.16921875,9.049497e-05,5e-05,0.007811942067346536,0.015,3.689406625,178.0
55677,85,4751360,2.94098945,148.91,232,,,,,,,,,,,,,
55755,85,4771840,3.248697640000001,163.78,233,1160,-4.434406741857528,1.0612761974334717,0.9546424150466919,0.0057570899822167124,0.025213897228240967,0.14626953125,7.178281e-05,5e-05,0.007782334099756554,0.015,,
55836,85,4792320,3.2811338700000006,156.72,234,1165,-4.436615380048752,1.0619306564331055,0.9473562240600586,-0.007090908541285899,0.009566199034452438,0.204013671875,0.00010139616,5e-05,0.008233836044091732,0.015,,
,,4800000,,,,1170,-4.4342138695716855,1.0605076551437378,0.917621910572052,-0.027441530332434922,-0.012531287968158722,0.1802734375,9.116836e-05,5e-05,0.00837602828280069,0.015,3.7666399999999998,175.0
55904,86,4812800,3.9387381499999994,195.5,235,,,,,,,,,,,,,
55970,86,4833280,3.17953061,155.92,236,1175,-4.433769183158875,1.0608617067337036,0.9295186400413513,-0.009501955057203304,0.001608879305422306,0.210859375,0.00010280595,5e-05,0.009344264033716172,0.015,,
,,4850000,,,,1180,-4.43760533452034,1.0626345872879028,0.9492063522338867,0.004028261492785532,0.011541904881596565,0.339296875,0.00019088,5e-05,0.007647511759423651,0.015,3.322176625,175.375
56041,86,4853760,2.92785318,149.9,237,,,,,,,,,,,,,
56105,86,4874240,3.0559177300000004,151.57,238,1185,-4.4418078136444095,1.0640116930007935,0.9558326005935669,0.008164644790085732,0.01821144111454487,0.17962890625,9.173351e-05,5e-05,0.007554806248517707,0.015,,
56170,87,4894720,3.1291734399999998,157.87,239,1190,-4.443092858791351,1.0643185377120972,0.9353869557380676,0.00014495269046165048,0.019547060132026672,0.16806640625,7.494002e-05,5e-05,0.00920861225866247,0.015,,
,,4900000,,,,1195,-4.4429467117786405,1.0638850927352905,0.9436244964599609,-0.006862613523262553,0.016962990164756775,0.169072265625,7.91246e-05,5e-05,0.008686054874560796,0.015,2.949732125,149.625
56239,87,4915200,3.1111292600000002,155.27,240,,,,,,,,,,,,,
56305,87,4935680,3.1180065699999995,153.68,241,1200,-4.442346898317337,1.0638333559036255,0.9432963132858276,-0.0010067536286078394,0.014455040916800499,0.15953125,7.607632e-05,5e-05,0.008163621482672169,0.015,,
,,4950000,,,,1205,-4.443489105701446,1.0642982721328735,0.9544089436531067,-0.004805518202410894,-0.009276065044105053,0.15349609375,7.4598676e-05,5e-05,0.006164047089405358,0.015,2.336354875,133.875
56372,87,4956160,3.1437414800000005,157.05,242,,,,,,,,,,,,,
56436,88,4976640,3.08895219,153.49,243,1210,-4.444011514186859,1.0644270181655884,0.945025622844696,-0.0057722841632494234,0.00017971638590097427,0.175908203125,8.548819e-05,5e-05,0.007825955696753227,0.015,,
56499,88,4997120,3.4515398199999994,172.11,244,1215,-4.444145733118058,1.0645818710327148,0.942733883857727,-0.007383606090879766,-0.005134863778948784,0.176982421875,8.314742e-05,5e-05,0.008387889676960185,0.015,,
,,5000000,,,,1220,-4.444624515771866,1.0647261142730713,0.9349684119224548,-0.005062606386200059,0.0019458672031760216,0.17212890625,8.011555e-05,5e-05,0.008118682211497799,0.015,2.6645892499999997,147.75
56568,88,5017600,2.99558656,145.61,245,,,,,,,,,,,,,
56632,88,5038080,3.38888955,164.97,246,1225,-4.4449348843097685,1.0647155046463013,0.9527250528335571,-0.004839259601139929,0.0008421391248703003,0.111357421875,5.0409493e-05,1e-05,0.008150837229331956,0.015,,
,,5050000,,,,1230,-4.445173581838608,1.0648747682571411,0.9414705038070679,-0.01923255561865517,0.006473870947957039,0.164951171875,7.612673e-05,1e-05,0.009598839171230793,0.015,3.441840625,160.375
56700,89,5058560,3.9151547599999996,191.07,247,,,,,,,,,,,,,
56764,89,5079040,3.02851353,151.56,248,1235,-4.445665509700775,1.0650814771652222,0.941781759262085,-0.00974300790570851,-0.0005780346691608429,0.161708984375,7.668871e-05,1e-05,0.010769881274318322,0.015,,
56829,89,5099520,3.1274085199999995,158.01,249,1240,-4.446044883728027,1.0651768445968628,0.9351699352264404,-0.005750455050510936,0.0038562584668397903,0.127275390625,5.521368e-05,1e-05,0.01250240509514697,0.015,,
,,5100000,,,,1245,-4.446633706092834,1.0654629468917847,0.9474547505378723,-0.013855794070987032,0.016865981742739677,0.134287109375,5.863999e-05,1e-05,0.010048120920546353,0.015,3.1552233750000003,156.375
56896,89,5120000,4.2416100199999995,211.83,250,,,,,,,,,,,,,
56960,90,5140480,3.27947237,160.65,251,1250,-4.447165871858597,1.065545678138733,0.9261530637741089,-0.01713799130549887,0.002911066636443138,0.166923828125,7.42403e-05,1e-05,0.013388103086035698,0.015,,
,,5150000,,,,1255,-4.447317612171173,1.0655770301818848,0.9367578029632568,-0.013485193685628474,0.0003536641597747803,0.203427734375,8.8843415e-05,1e-05,0.012253948480356484,0.015,2.9675275,150.25
57028,90,5160960,3.11839648,152.3,252,,,,,,,,,,,,,
57090,90,5181440,4.683571799999999,231.26,253,1260,-4.447564790248871,1.065722107887268,0.9527671933174133,-0.018996820105821825,-0.007070288062095642,0.2755078125,0.00012852783,1e-05,0.009053828412434087,0.015,,
,,5200000,,,,1265,-4.447526512145996,1.0655951499938965,0.9508250951766968,-0.009948166063986718,-0.0053610000759363174,0.178701171875,7.723032e-05,1e-05,0.010557409956818446,0.015,3.894626,166.25
57158,91,5201920,3.12188846,154.61,254,,,,,,,,,,,,,
57223,91,5222400,3.7717536900000006,191.51,255,1270,-4.447695205211639,1.0658247470855713,0.9567945003509521,-0.0015955018905515316,0.013019014149904251,0.170517578125,7.2589864e-05,1e-05,0.009578624843852595,0.015,,
57290,91,5242880,2.9834668499999997,150.44,256,1275,-4.4482896101474765,1.0660037994384766,0.9391923546791077,-0.0004616725530650001,0.021651847288012505,0.284970703125,0.0001437857,1e-05,0.014100335747934878,0.015,,
